Cancer Sites,Year,States,Count
All Invasive Cancer Sites Combined,1999,Alabama,19289
All Invasive Cancer Sites Combined,1999,Alaska,1968
All Invasive Cancer Sites Combined,1999,Arizona,21430
All Invasive Cancer Sites Combined,1999,Arkansas,12555
All Invasive Cancer Sites Combined,1999,California,136403
All Invasive Cancer Sites Combined,1999,Colorado,16146
All Invasive Cancer Sites Combined,1999,Connecticut,18710
All Invasive Cancer Sites Combined,1999,Delaware,3979
All Invasive Cancer Sites Combined,1999,District of Columbia,2912
All Invasive Cancer Sites Combined,1999,Florida,100207
All Invasive Cancer Sites Combined,1999,Georgia,30417
All Invasive Cancer Sites Combined,1999,Hawaii,5377
All Invasive Cancer Sites Combined,1999,Idaho,5210
All Invasive Cancer Sites Combined,1999,Illinois,58861
All Invasive Cancer Sites Combined,1999,Indiana,27790
All Invasive Cancer Sites Combined,1999,Iowa,15813
All Invasive Cancer Sites Combined,1999,Kansas,12726
All Invasive Cancer Sites Combined,1999,Kentucky,20889
All Invasive Cancer Sites Combined,1999,Louisiana,20450
All Invasive Cancer Sites Combined,1999,Maine,7186
All Invasive Cancer Sites Combined,1999,Maryland,24819
All Invasive Cancer Sites Combined,1999,Massachusetts,33065
All Invasive Cancer Sites Combined,1999,Michigan,50498
All Invasive Cancer Sites Combined,1999,Minnesota,21869
All Invasive Cancer Sites Combined,1999,Missouri,27699
All Invasive Cancer Sites Combined,1999,Montana,4600
All Invasive Cancer Sites Combined,1999,Nebraska,8543
All Invasive Cancer Sites Combined,1999,Nevada,7621
All Invasive Cancer Sites Combined,1999,New Hampshire,5873
All Invasive Cancer Sites Combined,1999,New Jersey,45377
All Invasive Cancer Sites Combined,1999,New Mexico,7308
All Invasive Cancer Sites Combined,1999,New York,94563
All Invasive Cancer Sites Combined,1999,North Carolina,34563
All Invasive Cancer Sites Combined,1999,North Dakota,3196
All Invasive Cancer Sites Combined,1999,Ohio,57125
All Invasive Cancer Sites Combined,1999,Oklahoma,16105
All Invasive Cancer Sites Combined,1999,Oregon,17616
All Invasive Cancer Sites Combined,1999,Pennsylvania,70907
All Invasive Cancer Sites Combined,1999,Rhode Island,6125
All Invasive Cancer Sites Combined,1999,South Carolina,18865
All Invasive Cancer Sites Combined,1999,Tennessee,22108
All Invasive Cancer Sites Combined,1999,Texas,80689
All Invasive Cancer Sites Combined,1999,Utah,6639
All Invasive Cancer Sites Combined,1999,Vermont,3188
All Invasive Cancer Sites Combined,1999,Virginia,28796
All Invasive Cancer Sites Combined,1999,Washington,28173
All Invasive Cancer Sites Combined,1999,West Virginia,10565
All Invasive Cancer Sites Combined,1999,Wisconsin,26849
All Invasive Cancer Sites Combined,1999,Wyoming,2206
All Invasive Cancer Sites Combined,2000,Alabama,19858
All Invasive Cancer Sites Combined,2000,Alaska,2059
All Invasive Cancer Sites Combined,2000,Arizona,22127
All Invasive Cancer Sites Combined,2000,Arkansas,12736
All Invasive Cancer Sites Combined,2000,California,137509
All Invasive Cancer Sites Combined,2000,Colorado,16788
All Invasive Cancer Sites Combined,2000,Connecticut,19214
All Invasive Cancer Sites Combined,2000,Delaware,4161
All Invasive Cancer Sites Combined,2000,District of Columbia,2937
All Invasive Cancer Sites Combined,2000,Florida,103879
All Invasive Cancer Sites Combined,2000,Georgia,33036
All Invasive Cancer Sites Combined,2000,Hawaii,5263
All Invasive Cancer Sites Combined,2000,Idaho,5672
All Invasive Cancer Sites Combined,2000,Illinois,59192
All Invasive Cancer Sites Combined,2000,Indiana,28967
All Invasive Cancer Sites Combined,2000,Iowa,15762
All Invasive Cancer Sites Combined,2000,Kansas,12812
All Invasive Cancer Sites Combined,2000,Kentucky,21365
All Invasive Cancer Sites Combined,2000,Louisiana,20768
All Invasive Cancer Sites Combined,2000,Maine,7602
All Invasive Cancer Sites Combined,2000,Maryland,25125
All Invasive Cancer Sites Combined,2000,Massachusetts,33589
All Invasive Cancer Sites Combined,2000,Michigan,51328
All Invasive Cancer Sites Combined,2000,Minnesota,22788
All Invasive Cancer Sites Combined,2000,Missouri,27495
All Invasive Cancer Sites Combined,2000,Montana,4803
All Invasive Cancer Sites Combined,2000,Nebraska,8596
All Invasive Cancer Sites Combined,2000,Nevada,9660
All Invasive Cancer Sites Combined,2000,New Hampshire,6231
All Invasive Cancer Sites Combined,2000,New Jersey,46472
All Invasive Cancer Sites Combined,2000,New Mexico,7289
All Invasive Cancer Sites Combined,2000,New York,97336
All Invasive Cancer Sites Combined,2000,North Carolina,36505
All Invasive Cancer Sites Combined,2000,North Dakota,3205
All Invasive Cancer Sites Combined,2000,Ohio,55879
All Invasive Cancer Sites Combined,2000,Oklahoma,16370
All Invasive Cancer Sites Combined,2000,Oregon,17458
All Invasive Cancer Sites Combined,2000,Pennsylvania,71428
All Invasive Cancer Sites Combined,2000,Rhode Island,6170
All Invasive Cancer Sites Combined,2000,South Carolina,19000
All Invasive Cancer Sites Combined,2000,Tennessee,23191
All Invasive Cancer Sites Combined,2000,Texas,83153
All Invasive Cancer Sites Combined,2000,Utah,6570
All Invasive Cancer Sites Combined,2000,Vermont,3101
All Invasive Cancer Sites Combined,2000,Virginia,29651
All Invasive Cancer Sites Combined,2000,Washington,28104
All Invasive Cancer Sites Combined,2000,West Virginia,10634
All Invasive Cancer Sites Combined,2000,Wisconsin,26701
All Invasive Cancer Sites Combined,2000,Wyoming,2234
All Invasive Cancer Sites Combined,2001,Alabama,21087
All Invasive Cancer Sites Combined,2001,Alaska,2188
All Invasive Cancer Sites Combined,2001,Arizona,23369
All Invasive Cancer Sites Combined,2001,Arkansas,13248
All Invasive Cancer Sites Combined,2001,California,142479
All Invasive Cancer Sites Combined,2001,Colorado,17836
All Invasive Cancer Sites Combined,2001,Connecticut,19666
All Invasive Cancer Sites Combined,2001,Delaware,4330
All Invasive Cancer Sites Combined,2001,District of Columbia,2867
All Invasive Cancer Sites Combined,2001,Florida,105377
All Invasive Cancer Sites Combined,2001,Georgia,34579
All Invasive Cancer Sites Combined,2001,Hawaii,5596
All Invasive Cancer Sites Combined,2001,Idaho,5755
All Invasive Cancer Sites Combined,2001,Illinois,60963
All Invasive Cancer Sites Combined,2001,Indiana,30283
All Invasive Cancer Sites Combined,2001,Iowa,16235
All Invasive Cancer Sites Combined,2001,Kansas,12815
All Invasive Cancer Sites Combined,2001,Kentucky,21917
All Invasive Cancer Sites Combined,2001,Louisiana,21447
All Invasive Cancer Sites Combined,2001,Maine,7864
All Invasive Cancer Sites Combined,2001,Maryland,24619
All Invasive Cancer Sites Combined,2001,Massachusetts,34459
All Invasive Cancer Sites Combined,2001,Michigan,52232
All Invasive Cancer Sites Combined,2001,Minnesota,23678
All Invasive Cancer Sites Combined,2001,Missouri,28329
All Invasive Cancer Sites Combined,2001,Montana,5010
All Invasive Cancer Sites Combined,2001,Nebraska,8673
All Invasive Cancer Sites Combined,2001,Nevada,9912
All Invasive Cancer Sites Combined,2001,New Hampshire,6537
All Invasive Cancer Sites Combined,2001,New Jersey,48775
All Invasive Cancer Sites Combined,2001,New Mexico,7686
All Invasive Cancer Sites Combined,2001,New York,98359
All Invasive Cancer Sites Combined,2001,North Carolina,37550
All Invasive Cancer Sites Combined,2001,North Dakota,3272
All Invasive Cancer Sites Combined,2001,Ohio,57679
All Invasive Cancer Sites Combined,2001,Oklahoma,16877
All Invasive Cancer Sites Combined,2001,Oregon,17860
All Invasive Cancer Sites Combined,2001,Pennsylvania,74733
All Invasive Cancer Sites Combined,2001,Rhode Island,6177
All Invasive Cancer Sites Combined,2001,South Carolina,19792
All Invasive Cancer Sites Combined,2001,South Dakota,3968
All Invasive Cancer Sites Combined,2001,Tennessee,23449
All Invasive Cancer Sites Combined,2001,Texas,87692
All Invasive Cancer Sites Combined,2001,Utah,7026
All Invasive Cancer Sites Combined,2001,Vermont,3215
All Invasive Cancer Sites Combined,2001,Virginia,29072
All Invasive Cancer Sites Combined,2001,Washington,29369
All Invasive Cancer Sites Combined,2001,West Virginia,10996
All Invasive Cancer Sites Combined,2001,Wisconsin,27938
All Invasive Cancer Sites Combined,2001,Wyoming,2227
All Invasive Cancer Sites Combined,2002,Alabama,21422
All Invasive Cancer Sites Combined,2002,Alaska,2246
All Invasive Cancer Sites Combined,2002,Arizona,23578
All Invasive Cancer Sites Combined,2002,Arkansas,13266
All Invasive Cancer Sites Combined,2002,California,144144
All Invasive Cancer Sites Combined,2002,Colorado,18005
All Invasive Cancer Sites Combined,2002,Connecticut,19612
All Invasive Cancer Sites Combined,2002,Delaware,4364
All Invasive Cancer Sites Combined,2002,District of Columbia,2888
All Invasive Cancer Sites Combined,2002,Florida,104453
All Invasive Cancer Sites Combined,2002,Georgia,35708
All Invasive Cancer Sites Combined,2002,Hawaii,5626
All Invasive Cancer Sites Combined,2002,Idaho,5979
All Invasive Cancer Sites Combined,2002,Illinois,62385
All Invasive Cancer Sites Combined,2002,Indiana,30689
All Invasive Cancer Sites Combined,2002,Iowa,16354
All Invasive Cancer Sites Combined,2002,Kansas,12920
All Invasive Cancer Sites Combined,2002,Kentucky,21924
All Invasive Cancer Sites Combined,2002,Louisiana,21595
All Invasive Cancer Sites Combined,2002,Maine,7916
All Invasive Cancer Sites Combined,2002,Maryland,26495
All Invasive Cancer Sites Combined,2002,Massachusetts,35217
All Invasive Cancer Sites Combined,2002,Michigan,53043
All Invasive Cancer Sites Combined,2002,Minnesota,23841
All Invasive Cancer Sites Combined,2002,Missouri,28632
All Invasive Cancer Sites Combined,2002,Montana,5024
All Invasive Cancer Sites Combined,2002,Nebraska,8822
All Invasive Cancer Sites Combined,2002,Nevada,10337
All Invasive Cancer Sites Combined,2002,New Hampshire,6884
All Invasive Cancer Sites Combined,2002,New Jersey,48424
All Invasive Cancer Sites Combined,2002,New Mexico,7903
All Invasive Cancer Sites Combined,2002,New York,99545
All Invasive Cancer Sites Combined,2002,North Carolina,38227
All Invasive Cancer Sites Combined,2002,North Dakota,3322
All Invasive Cancer Sites Combined,2002,Ohio,58062
All Invasive Cancer Sites Combined,2002,Oklahoma,17375
All Invasive Cancer Sites Combined,2002,Oregon,17877
All Invasive Cancer Sites Combined,2002,Pennsylvania,74187
All Invasive Cancer Sites Combined,2002,Rhode Island,6253
All Invasive Cancer Sites Combined,2002,South Carolina,20953
All Invasive Cancer Sites Combined,2002,South Dakota,4344
All Invasive Cancer Sites Combined,2002,Tennessee,24395
All Invasive Cancer Sites Combined,2002,Texas,88877
All Invasive Cancer Sites Combined,2002,Utah,7192
All Invasive Cancer Sites Combined,2002,Vermont,3221
All Invasive Cancer Sites Combined,2002,Virginia,30661
All Invasive Cancer Sites Combined,2002,Washington,29663
All Invasive Cancer Sites Combined,2002,West Virginia,10791
All Invasive Cancer Sites Combined,2002,Wisconsin,27277
All Invasive Cancer Sites Combined,2002,Wyoming,2223
All Invasive Cancer Sites Combined,2003,Alabama,20823
All Invasive Cancer Sites Combined,2003,Alaska,2270
All Invasive Cancer Sites Combined,2003,Arizona,24064
All Invasive Cancer Sites Combined,2003,Arkansas,13852
All Invasive Cancer Sites Combined,2003,California,142760
All Invasive Cancer Sites Combined,2003,Colorado,18093
All Invasive Cancer Sites Combined,2003,Connecticut,19568
All Invasive Cancer Sites Combined,2003,Delaware,4349
All Invasive Cancer Sites Combined,2003,District of Columbia,3058
All Invasive Cancer Sites Combined,2003,Florida,103433
All Invasive Cancer Sites Combined,2003,Georgia,35867
All Invasive Cancer Sites Combined,2003,Hawaii,5759
All Invasive Cancer Sites Combined,2003,Idaho,6021
All Invasive Cancer Sites Combined,2003,Illinois,61051
All Invasive Cancer Sites Combined,2003,Indiana,30756
All Invasive Cancer Sites Combined,2003,Iowa,16087
All Invasive Cancer Sites Combined,2003,Kansas,13234
All Invasive Cancer Sites Combined,2003,Kentucky,22014
All Invasive Cancer Sites Combined,2003,Louisiana,21648
All Invasive Cancer Sites Combined,2003,Maine,7959
All Invasive Cancer Sites Combined,2003,Maryland,27240
All Invasive Cancer Sites Combined,2003,Massachusetts,34351
All Invasive Cancer Sites Combined,2003,Michigan,53370
All Invasive Cancer Sites Combined,2003,Minnesota,23736
All Invasive Cancer Sites Combined,2003,Mississippi,13249
All Invasive Cancer Sites Combined,2003,Missouri,28908
All Invasive Cancer Sites Combined,2003,Montana,5000
All Invasive Cancer Sites Combined,2003,Nebraska,8658
All Invasive Cancer Sites Combined,2003,Nevada,10376
All Invasive Cancer Sites Combined,2003,New Hampshire,6774
All Invasive Cancer Sites Combined,2003,New Jersey,46650
All Invasive Cancer Sites Combined,2003,New Mexico,7863
All Invasive Cancer Sites Combined,2003,New York,99614
All Invasive Cancer Sites Combined,2003,North Carolina,39000
All Invasive Cancer Sites Combined,2003,North Dakota,3303
All Invasive Cancer Sites Combined,2003,Ohio,57273
All Invasive Cancer Sites Combined,2003,Oklahoma,17988
All Invasive Cancer Sites Combined,2003,Oregon,17587
All Invasive Cancer Sites Combined,2003,Pennsylvania,73213
All Invasive Cancer Sites Combined,2003,Rhode Island,6049
All Invasive Cancer Sites Combined,2003,South Carolina,20696
All Invasive Cancer Sites Combined,2003,South Dakota,4033
All Invasive Cancer Sites Combined,2003,Tennessee,26041
All Invasive Cancer Sites Combined,2003,Texas,89994
All Invasive Cancer Sites Combined,2003,Utah,7500
All Invasive Cancer Sites Combined,2003,Vermont,3352
All Invasive Cancer Sites Combined,2003,Virginia,32939
All Invasive Cancer Sites Combined,2003,Washington,29850
All Invasive Cancer Sites Combined,2003,West Virginia,10562
All Invasive Cancer Sites Combined,2003,Wisconsin,27442
All Invasive Cancer Sites Combined,2003,Wyoming,2371
All Invasive Cancer Sites Combined,2004,Alabama,22286
All Invasive Cancer Sites Combined,2004,Alaska,2445
All Invasive Cancer Sites Combined,2004,Arizona,24552
All Invasive Cancer Sites Combined,2004,Arkansas,13945
All Invasive Cancer Sites Combined,2004,California,146689
All Invasive Cancer Sites Combined,2004,Colorado,18365
All Invasive Cancer Sites Combined,2004,Connecticut,19522
All Invasive Cancer Sites Combined,2004,Delaware,4527
All Invasive Cancer Sites Combined,2004,District of Columbia,2714
All Invasive Cancer Sites Combined,2004,Florida,103856
All Invasive Cancer Sites Combined,2004,Georgia,36951
All Invasive Cancer Sites Combined,2004,Hawaii,6049
All Invasive Cancer Sites Combined,2004,Idaho,6183
All Invasive Cancer Sites Combined,2004,Illinois,61656
All Invasive Cancer Sites Combined,2004,Indiana,30665
All Invasive Cancer Sites Combined,2004,Iowa,16287
All Invasive Cancer Sites Combined,2004,Kansas,13432
All Invasive Cancer Sites Combined,2004,Kentucky,22518
All Invasive Cancer Sites Combined,2004,Louisiana,22143
All Invasive Cancer Sites Combined,2004,Maine,8363
All Invasive Cancer Sites Combined,2004,Maryland,25578
All Invasive Cancer Sites Combined,2004,Massachusetts,34766
All Invasive Cancer Sites Combined,2004,Michigan,52658
All Invasive Cancer Sites Combined,2004,Minnesota,24524
All Invasive Cancer Sites Combined,2004,Mississippi,13569
All Invasive Cancer Sites Combined,2004,Missouri,29004
All Invasive Cancer Sites Combined,2004,Montana,4951
All Invasive Cancer Sites Combined,2004,Nebraska,8844
All Invasive Cancer Sites Combined,2004,Nevada,10849
All Invasive Cancer Sites Combined,2004,New Hampshire,7034
All Invasive Cancer Sites Combined,2004,New Jersey,47023
All Invasive Cancer Sites Combined,2004,New Mexico,8284
All Invasive Cancer Sites Combined,2004,New York,100606
All Invasive Cancer Sites Combined,2004,North Carolina,41846
All Invasive Cancer Sites Combined,2004,North Dakota,3345
All Invasive Cancer Sites Combined,2004,Ohio,58910
All Invasive Cancer Sites Combined,2004,Oklahoma,17790
All Invasive Cancer Sites Combined,2004,Oregon,18497
All Invasive Cancer Sites Combined,2004,Pennsylvania,73237
All Invasive Cancer Sites Combined,2004,Rhode Island,6323
All Invasive Cancer Sites Combined,2004,South Carolina,21208
All Invasive Cancer Sites Combined,2004,South Dakota,4055
All Invasive Cancer Sites Combined,2004,Tennessee,27821
All Invasive Cancer Sites Combined,2004,Texas,90810
All Invasive Cancer Sites Combined,2004,Utah,7793
All Invasive Cancer Sites Combined,2004,Vermont,3393
All Invasive Cancer Sites Combined,2004,Virginia,33570
All Invasive Cancer Sites Combined,2004,Washington,30764
All Invasive Cancer Sites Combined,2004,West Virginia,10807
All Invasive Cancer Sites Combined,2004,Wisconsin,27616
All Invasive Cancer Sites Combined,2004,Wyoming,2364
All Invasive Cancer Sites Combined,2005,Alabama,22704
All Invasive Cancer Sites Combined,2005,Alaska,2379
All Invasive Cancer Sites Combined,2005,Arizona,25412
All Invasive Cancer Sites Combined,2005,Arkansas,14248
All Invasive Cancer Sites Combined,2005,California,148691
All Invasive Cancer Sites Combined,2005,Colorado,18933
All Invasive Cancer Sites Combined,2005,Connecticut,19856
All Invasive Cancer Sites Combined,2005,Delaware,4830
All Invasive Cancer Sites Combined,2005,District of Columbia,2731
All Invasive Cancer Sites Combined,2005,Florida,107351
All Invasive Cancer Sites Combined,2005,Georgia,37648
All Invasive Cancer Sites Combined,2005,Hawaii,6129
All Invasive Cancer Sites Combined,2005,Idaho,6599
All Invasive Cancer Sites Combined,2005,Illinois,62098
All Invasive Cancer Sites Combined,2005,Indiana,31218
All Invasive Cancer Sites Combined,2005,Iowa,16514
All Invasive Cancer Sites Combined,2005,Kansas,13458
All Invasive Cancer Sites Combined,2005,Kentucky,22817
All Invasive Cancer Sites Combined,2005,Louisiana,21157
All Invasive Cancer Sites Combined,2005,Maine,8342
All Invasive Cancer Sites Combined,2005,Maryland,26003
All Invasive Cancer Sites Combined,2005,Massachusetts,35269
All Invasive Cancer Sites Combined,2005,Michigan,53231
All Invasive Cancer Sites Combined,2005,Minnesota,24659
All Invasive Cancer Sites Combined,2005,Mississippi,13733
All Invasive Cancer Sites Combined,2005,Missouri,30639
All Invasive Cancer Sites Combined,2005,Montana,5262
All Invasive Cancer Sites Combined,2005,Nebraska,9052
All Invasive Cancer Sites Combined,2005,Nevada,10726
All Invasive Cancer Sites Combined,2005,New Hampshire,7274
All Invasive Cancer Sites Combined,2005,New Jersey,47338
All Invasive Cancer Sites Combined,2005,New Mexico,8313
All Invasive Cancer Sites Combined,2005,New York,102093
All Invasive Cancer Sites Combined,2005,North Carolina,44108
All Invasive Cancer Sites Combined,2005,North Dakota,3490
All Invasive Cancer Sites Combined,2005,Ohio,60240
All Invasive Cancer Sites Combined,2005,Oklahoma,17912
All Invasive Cancer Sites Combined,2005,Oregon,18731
All Invasive Cancer Sites Combined,2005,Pennsylvania,74009
All Invasive Cancer Sites Combined,2005,Rhode Island,6035
All Invasive Cancer Sites Combined,2005,South Carolina,22036
All Invasive Cancer Sites Combined,2005,South Dakota,3963
All Invasive Cancer Sites Combined,2005,Tennessee,30375
All Invasive Cancer Sites Combined,2005,Texas,92873
All Invasive Cancer Sites Combined,2005,Utah,7953
All Invasive Cancer Sites Combined,2005,Vermont,3473
All Invasive Cancer Sites Combined,2005,Virginia,34684
All Invasive Cancer Sites Combined,2005,Washington,31487
All Invasive Cancer Sites Combined,2005,West Virginia,11154
All Invasive Cancer Sites Combined,2005,Wisconsin,28043
All Invasive Cancer Sites Combined,2005,Wyoming,2301
All Invasive Cancer Sites Combined,2006,Alabama,23407
All Invasive Cancer Sites Combined,2006,Alaska,2517
All Invasive Cancer Sites Combined,2006,Arizona,26587
All Invasive Cancer Sites Combined,2006,Arkansas,14445
All Invasive Cancer Sites Combined,2006,California,150311
All Invasive Cancer Sites Combined,2006,Colorado,19322
All Invasive Cancer Sites Combined,2006,Connecticut,20625
All Invasive Cancer Sites Combined,2006,Delaware,5107
All Invasive Cancer Sites Combined,2006,District of Columbia,2749
All Invasive Cancer Sites Combined,2006,Florida,108402
All Invasive Cancer Sites Combined,2006,Georgia,39513
All Invasive Cancer Sites Combined,2006,Hawaii,6220
All Invasive Cancer Sites Combined,2006,Idaho,6790
All Invasive Cancer Sites Combined,2006,Illinois,64004
All Invasive Cancer Sites Combined,2006,Indiana,32244
All Invasive Cancer Sites Combined,2006,Iowa,16824
All Invasive Cancer Sites Combined,2006,Kansas,13787
All Invasive Cancer Sites Combined,2006,Kentucky,24004
All Invasive Cancer Sites Combined,2006,Louisiana,21685
All Invasive Cancer Sites Combined,2006,Maine,8665
All Invasive Cancer Sites Combined,2006,Maryland,26177
All Invasive Cancer Sites Combined,2006,Massachusetts,36382
All Invasive Cancer Sites Combined,2006,Michigan,54125
All Invasive Cancer Sites Combined,2006,Minnesota,25555
All Invasive Cancer Sites Combined,2006,Mississippi,14342
All Invasive Cancer Sites Combined,2006,Missouri,30790
All Invasive Cancer Sites Combined,2006,Montana,5291
All Invasive Cancer Sites Combined,2006,Nebraska,9226
All Invasive Cancer Sites Combined,2006,Nevada,11394
All Invasive Cancer Sites Combined,2006,New Hampshire,7317
All Invasive Cancer Sites Combined,2006,New Jersey,48887
All Invasive Cancer Sites Combined,2006,New Mexico,8542
All Invasive Cancer Sites Combined,2006,New York,105076
All Invasive Cancer Sites Combined,2006,North Carolina,45463
All Invasive Cancer Sites Combined,2006,North Dakota,3523
All Invasive Cancer Sites Combined,2006,Ohio,60898
All Invasive Cancer Sites Combined,2006,Oklahoma,18993
All Invasive Cancer Sites Combined,2006,Oregon,19160
All Invasive Cancer Sites Combined,2006,Pennsylvania,76099
All Invasive Cancer Sites Combined,2006,Rhode Island,6332
All Invasive Cancer Sites Combined,2006,South Carolina,22637
All Invasive Cancer Sites Combined,2006,South Dakota,3889
All Invasive Cancer Sites Combined,2006,Tennessee,31193
All Invasive Cancer Sites Combined,2006,Texas,94872
All Invasive Cancer Sites Combined,2006,Utah,8357
All Invasive Cancer Sites Combined,2006,Vermont,3726
All Invasive Cancer Sites Combined,2006,Virginia,35469
All Invasive Cancer Sites Combined,2006,Washington,31957
All Invasive Cancer Sites Combined,2006,West Virginia,11354
All Invasive Cancer Sites Combined,2006,Wisconsin,28931
All Invasive Cancer Sites Combined,2006,Wyoming,2479
All Invasive Cancer Sites Combined,2007,Alabama,24240
All Invasive Cancer Sites Combined,2007,Alaska,2553
All Invasive Cancer Sites Combined,2007,Arizona,27610
All Invasive Cancer Sites Combined,2007,Arkansas,14912
All Invasive Cancer Sites Combined,2007,California,156775
All Invasive Cancer Sites Combined,2007,Colorado,20750
All Invasive Cancer Sites Combined,2007,Connecticut,20695
All Invasive Cancer Sites Combined,2007,Delaware,5188
All Invasive Cancer Sites Combined,2007,District of Columbia,2955
All Invasive Cancer Sites Combined,2007,Florida,111211
All Invasive Cancer Sites Combined,2007,Georgia,42326
All Invasive Cancer Sites Combined,2007,Hawaii,6431
All Invasive Cancer Sites Combined,2007,Idaho,7202
All Invasive Cancer Sites Combined,2007,Illinois,65220
All Invasive Cancer Sites Combined,2007,Indiana,32500
All Invasive Cancer Sites Combined,2007,Iowa,16881
All Invasive Cancer Sites Combined,2007,Kansas,14460
All Invasive Cancer Sites Combined,2007,Kentucky,24580
All Invasive Cancer Sites Combined,2007,Louisiana,22594
All Invasive Cancer Sites Combined,2007,Maine,8567
All Invasive Cancer Sites Combined,2007,Maryland,28054
All Invasive Cancer Sites Combined,2007,Massachusetts,36485
All Invasive Cancer Sites Combined,2007,Michigan,56530
All Invasive Cancer Sites Combined,2007,Minnesota,26888
All Invasive Cancer Sites Combined,2007,Mississippi,15086
All Invasive Cancer Sites Combined,2007,Missouri,31356
All Invasive Cancer Sites Combined,2007,Montana,5404
All Invasive Cancer Sites Combined,2007,Nebraska,9532
All Invasive Cancer Sites Combined,2007,Nevada,11360
All Invasive Cancer Sites Combined,2007,New Hampshire,7491
All Invasive Cancer Sites Combined,2007,New Jersey,49525
All Invasive Cancer Sites Combined,2007,New Mexico,8846
All Invasive Cancer Sites Combined,2007,New York,106933
All Invasive Cancer Sites Combined,2007,North Carolina,47469
All Invasive Cancer Sites Combined,2007,North Dakota,3625
All Invasive Cancer Sites Combined,2007,Ohio,61699
All Invasive Cancer Sites Combined,2007,Oklahoma,19814
All Invasive Cancer Sites Combined,2007,Oregon,19428
All Invasive Cancer Sites Combined,2007,Pennsylvania,77458
All Invasive Cancer Sites Combined,2007,Rhode Island,6446
All Invasive Cancer Sites Combined,2007,South Carolina,23623
All Invasive Cancer Sites Combined,2007,South Dakota,4209
All Invasive Cancer Sites Combined,2007,Tennessee,32290
All Invasive Cancer Sites Combined,2007,Texas,99542
All Invasive Cancer Sites Combined,2007,Utah,8553
All Invasive Cancer Sites Combined,2007,Vermont,3621
All Invasive Cancer Sites Combined,2007,Virginia,37401
All Invasive Cancer Sites Combined,2007,Washington,31510
All Invasive Cancer Sites Combined,2007,West Virginia,11667
All Invasive Cancer Sites Combined,2007,Wisconsin,29626
All Invasive Cancer Sites Combined,2007,Wyoming,2459
All Invasive Cancer Sites Combined,2008,Alabama,25344
All Invasive Cancer Sites Combined,2008,Alaska,2717
All Invasive Cancer Sites Combined,2008,Arizona,27643
All Invasive Cancer Sites Combined,2008,Arkansas,14514
All Invasive Cancer Sites Combined,2008,California,159117
All Invasive Cancer Sites Combined,2008,Colorado,21027
All Invasive Cancer Sites Combined,2008,Connecticut,20818
All Invasive Cancer Sites Combined,2008,Delaware,5296
All Invasive Cancer Sites Combined,2008,District of Columbia,2795
All Invasive Cancer Sites Combined,2008,Florida,113818
All Invasive Cancer Sites Combined,2008,Georgia,43283
All Invasive Cancer Sites Combined,2008,Hawaii,6667
All Invasive Cancer Sites Combined,2008,Idaho,7186
All Invasive Cancer Sites Combined,2008,Illinois,66649
All Invasive Cancer Sites Combined,2008,Indiana,32944
All Invasive Cancer Sites Combined,2008,Iowa,17013
All Invasive Cancer Sites Combined,2008,Kansas,14656
All Invasive Cancer Sites Combined,2008,Kentucky,24755
All Invasive Cancer Sites Combined,2008,Louisiana,23088
All Invasive Cancer Sites Combined,2008,Maine,8504
All Invasive Cancer Sites Combined,2008,Maryland,28595
All Invasive Cancer Sites Combined,2008,Massachusetts,37093
All Invasive Cancer Sites Combined,2008,Michigan,56054
All Invasive Cancer Sites Combined,2008,Minnesota,27091
All Invasive Cancer Sites Combined,2008,Mississippi,15408
All Invasive Cancer Sites Combined,2008,Missouri,31232
All Invasive Cancer Sites Combined,2008,Montana,5444
All Invasive Cancer Sites Combined,2008,Nebraska,9451
All Invasive Cancer Sites Combined,2008,Nevada,12197
All Invasive Cancer Sites Combined,2008,New Hampshire,7763
All Invasive Cancer Sites Combined,2008,New Jersey,49472
All Invasive Cancer Sites Combined,2008,New Mexico,9074
All Invasive Cancer Sites Combined,2008,New York,108752
All Invasive Cancer Sites Combined,2008,North Carolina,48521
All Invasive Cancer Sites Combined,2008,North Dakota,3557
All Invasive Cancer Sites Combined,2008,Ohio,63422
All Invasive Cancer Sites Combined,2008,Oklahoma,18932
All Invasive Cancer Sites Combined,2008,Oregon,20462
All Invasive Cancer Sites Combined,2008,Pennsylvania,77776
All Invasive Cancer Sites Combined,2008,Rhode Island,6408
All Invasive Cancer Sites Combined,2008,South Carolina,23761
All Invasive Cancer Sites Combined,2008,South Dakota,4162
All Invasive Cancer Sites Combined,2008,Tennessee,33182
All Invasive Cancer Sites Combined,2008,Texas,100406
All Invasive Cancer Sites Combined,2008,Utah,8885
All Invasive Cancer Sites Combined,2008,Vermont,3549
All Invasive Cancer Sites Combined,2008,Virginia,37541
All Invasive Cancer Sites Combined,2008,Washington,33420
All Invasive Cancer Sites Combined,2008,West Virginia,11431
All Invasive Cancer Sites Combined,2008,Wisconsin,30183
All Invasive Cancer Sites Combined,2008,Wyoming,2543
All Invasive Cancer Sites Combined,2009,Alabama,25330
All Invasive Cancer Sites Combined,2009,Alaska,2729
All Invasive Cancer Sites Combined,2009,Arizona,28940
All Invasive Cancer Sites Combined,2009,Arkansas,14322
All Invasive Cancer Sites Combined,2009,California,161307
All Invasive Cancer Sites Combined,2009,Colorado,21733
All Invasive Cancer Sites Combined,2009,Connecticut,21237
All Invasive Cancer Sites Combined,2009,Delaware,5344
All Invasive Cancer Sites Combined,2009,District of Columbia,2863
All Invasive Cancer Sites Combined,2009,Florida,113534
All Invasive Cancer Sites Combined,2009,Georgia,44085
All Invasive Cancer Sites Combined,2009,Hawaii,6806
All Invasive Cancer Sites Combined,2009,Idaho,7409
All Invasive Cancer Sites Combined,2009,Illinois,67050
All Invasive Cancer Sites Combined,2009,Indiana,32829
All Invasive Cancer Sites Combined,2009,Iowa,17654
All Invasive Cancer Sites Combined,2009,Kansas,14546
All Invasive Cancer Sites Combined,2009,Kentucky,25009
All Invasive Cancer Sites Combined,2009,Louisiana,23827
All Invasive Cancer Sites Combined,2009,Maine,8405
All Invasive Cancer Sites Combined,2009,Maryland,28656
All Invasive Cancer Sites Combined,2009,Massachusetts,37016
All Invasive Cancer Sites Combined,2009,Michigan,55675
All Invasive Cancer Sites Combined,2009,Minnesota,27011
All Invasive Cancer Sites Combined,2009,Mississippi,15141
All Invasive Cancer Sites Combined,2009,Missouri,32073
All Invasive Cancer Sites Combined,2009,Montana,5671
All Invasive Cancer Sites Combined,2009,Nebraska,9059
All Invasive Cancer Sites Combined,2009,Nevada,12470
All Invasive Cancer Sites Combined,2009,New Hampshire,7744
All Invasive Cancer Sites Combined,2009,New Jersey,50124
All Invasive Cancer Sites Combined,2009,New Mexico,9145
All Invasive Cancer Sites Combined,2009,New York,109445
All Invasive Cancer Sites Combined,2009,North Carolina,50606
All Invasive Cancer Sites Combined,2009,North Dakota,3507
All Invasive Cancer Sites Combined,2009,Ohio,64146
All Invasive Cancer Sites Combined,2009,Oklahoma,19079
All Invasive Cancer Sites Combined,2009,Oregon,20000
All Invasive Cancer Sites Combined,2009,Pennsylvania,78241
All Invasive Cancer Sites Combined,2009,Rhode Island,6376
All Invasive Cancer Sites Combined,2009,South Carolina,24121
All Invasive Cancer Sites Combined,2009,South Dakota,4313
All Invasive Cancer Sites Combined,2009,Tennessee,34302
All Invasive Cancer Sites Combined,2009,Texas,101849
All Invasive Cancer Sites Combined,2009,Utah,9163
All Invasive Cancer Sites Combined,2009,Vermont,3735
All Invasive Cancer Sites Combined,2009,Virginia,38105
All Invasive Cancer Sites Combined,2009,Washington,34433
All Invasive Cancer Sites Combined,2009,West Virginia,11487
All Invasive Cancer Sites Combined,2009,Wisconsin,30410
All Invasive Cancer Sites Combined,2009,Wyoming,2539
All Invasive Cancer Sites Combined,2010,Alabama,25382
All Invasive Cancer Sites Combined,2010,Alaska,2853
All Invasive Cancer Sites Combined,2010,Arizona,28746
All Invasive Cancer Sites Combined,2010,Arkansas,14507
All Invasive Cancer Sites Combined,2010,California,162698
All Invasive Cancer Sites Combined,2010,Colorado,21536
All Invasive Cancer Sites Combined,2010,Connecticut,20978
All Invasive Cancer Sites Combined,2010,Delaware,5341
All Invasive Cancer Sites Combined,2010,District of Columbia,2967
All Invasive Cancer Sites Combined,2010,Florida,115358
All Invasive Cancer Sites Combined,2010,Georgia,43574
All Invasive Cancer Sites Combined,2010,Hawaii,6750
All Invasive Cancer Sites Combined,2010,Idaho,7490
All Invasive Cancer Sites Combined,2010,Illinois,65824
All Invasive Cancer Sites Combined,2010,Indiana,32972
All Invasive Cancer Sites Combined,2010,Iowa,17606
All Invasive Cancer Sites Combined,2010,Kansas,14548
All Invasive Cancer Sites Combined,2010,Kentucky,25578
All Invasive Cancer Sites Combined,2010,Louisiana,23909
All Invasive Cancer Sites Combined,2010,Maine,8447
All Invasive Cancer Sites Combined,2010,Maryland,28999
All Invasive Cancer Sites Combined,2010,Massachusetts,35771
All Invasive Cancer Sites Combined,2010,Michigan,55953
All Invasive Cancer Sites Combined,2010,Minnesota,27262
All Invasive Cancer Sites Combined,2010,Mississippi,15581
All Invasive Cancer Sites Combined,2010,Missouri,31272
All Invasive Cancer Sites Combined,2010,Montana,5701
All Invasive Cancer Sites Combined,2010,Nebraska,9422
All Invasive Cancer Sites Combined,2010,Nevada,12070
All Invasive Cancer Sites Combined,2010,New Hampshire,7859
All Invasive Cancer Sites Combined,2010,New Jersey,49707
All Invasive Cancer Sites Combined,2010,New Mexico,9115
All Invasive Cancer Sites Combined,2010,New York,107365
All Invasive Cancer Sites Combined,2010,North Carolina,50659
All Invasive Cancer Sites Combined,2010,North Dakota,3616
All Invasive Cancer Sites Combined,2010,Ohio,62205
All Invasive Cancer Sites Combined,2010,Oklahoma,18791
All Invasive Cancer Sites Combined,2010,Oregon,19884
All Invasive Cancer Sites Combined,2010,Pennsylvania,78780
All Invasive Cancer Sites Combined,2010,Rhode Island,6086
All Invasive Cancer Sites Combined,2010,South Carolina,24964
All Invasive Cancer Sites Combined,2010,South Dakota,4270
All Invasive Cancer Sites Combined,2010,Tennessee,34231
All Invasive Cancer Sites Combined,2010,Texas,100974
All Invasive Cancer Sites Combined,2010,Utah,9550
All Invasive Cancer Sites Combined,2010,Vermont,3692
All Invasive Cancer Sites Combined,2010,Virginia,36757
All Invasive Cancer Sites Combined,2010,Washington,34715
All Invasive Cancer Sites Combined,2010,West Virginia,11382
All Invasive Cancer Sites Combined,2010,Wisconsin,30860
All Invasive Cancer Sites Combined,2010,Wyoming,2664
All Invasive Cancer Sites Combined,2011,Alabama,25281
All Invasive Cancer Sites Combined,2011,Alaska,2801
All Invasive Cancer Sites Combined,2011,Arizona,29611
All Invasive Cancer Sites Combined,2011,Arkansas,14476
All Invasive Cancer Sites Combined,2011,California,163020
All Invasive Cancer Sites Combined,2011,Colorado,21909
All Invasive Cancer Sites Combined,2011,Connecticut,20927
All Invasive Cancer Sites Combined,2011,Delaware,5530
All Invasive Cancer Sites Combined,2011,District of Columbia,3154
All Invasive Cancer Sites Combined,2011,Florida,122438
All Invasive Cancer Sites Combined,2011,Georgia,45433
All Invasive Cancer Sites Combined,2011,Hawaii,6823
All Invasive Cancer Sites Combined,2011,Idaho,7630
All Invasive Cancer Sites Combined,2011,Illinois,67218
All Invasive Cancer Sites Combined,2011,Indiana,33549
All Invasive Cancer Sites Combined,2011,Iowa,17657
All Invasive Cancer Sites Combined,2011,Kansas,14973
All Invasive Cancer Sites Combined,2011,Kentucky,25854
All Invasive Cancer Sites Combined,2011,Louisiana,24444
All Invasive Cancer Sites Combined,2011,Maine,8423
All Invasive Cancer Sites Combined,2011,Maryland,29262
All Invasive Cancer Sites Combined,2011,Massachusetts,36975
All Invasive Cancer Sites Combined,2011,Michigan,56993
All Invasive Cancer Sites Combined,2011,Minnesota,28164
All Invasive Cancer Sites Combined,2011,Mississippi,15542
All Invasive Cancer Sites Combined,2011,Missouri,32528
All Invasive Cancer Sites Combined,2011,Montana,5844
All Invasive Cancer Sites Combined,2011,Nebraska,9434
All Invasive Cancer Sites Combined,2011,Nevada,12390
All Invasive Cancer Sites Combined,2011,New Hampshire,8144
All Invasive Cancer Sites Combined,2011,New Jersey,50741
All Invasive Cancer Sites Combined,2011,New Mexico,8995
All Invasive Cancer Sites Combined,2011,New York,111455
All Invasive Cancer Sites Combined,2011,North Carolina,51805
All Invasive Cancer Sites Combined,2011,North Dakota,3770
All Invasive Cancer Sites Combined,2011,Ohio,63973
All Invasive Cancer Sites Combined,2011,Oklahoma,19054
All Invasive Cancer Sites Combined,2011,Oregon,20872
All Invasive Cancer Sites Combined,2011,Pennsylvania,80477
All Invasive Cancer Sites Combined,2011,Rhode Island,6230
All Invasive Cancer Sites Combined,2011,South Carolina,25208
All Invasive Cancer Sites Combined,2011,South Dakota,4568
All Invasive Cancer Sites Combined,2011,Tennessee,34819
All Invasive Cancer Sites Combined,2011,Texas,102527
All Invasive Cancer Sites Combined,2011,Utah,9810
All Invasive Cancer Sites Combined,2011,Vermont,3689
All Invasive Cancer Sites Combined,2011,Virginia,37720
All Invasive Cancer Sites Combined,2011,Washington,35342
All Invasive Cancer Sites Combined,2011,West Virginia,11859
All Invasive Cancer Sites Combined,2011,Wisconsin,31983
All Invasive Cancer Sites Combined,2011,Wyoming,2705
All Invasive Cancer Sites Combined,2012,Alabama,25544
All Invasive Cancer Sites Combined,2012,Alaska,2778
All Invasive Cancer Sites Combined,2012,Arizona,29417
All Invasive Cancer Sites Combined,2012,Arkansas,14855
All Invasive Cancer Sites Combined,2012,California,163410
All Invasive Cancer Sites Combined,2012,Colorado,22118
All Invasive Cancer Sites Combined,2012,Connecticut,20928
All Invasive Cancer Sites Combined,2012,Delaware,5553
All Invasive Cancer Sites Combined,2012,District of Columbia,3045
All Invasive Cancer Sites Combined,2012,Florida,119742
All Invasive Cancer Sites Combined,2012,Georgia,46869
All Invasive Cancer Sites Combined,2012,Hawaii,6884
All Invasive Cancer Sites Combined,2012,Idaho,7643
All Invasive Cancer Sites Combined,2012,Illinois,66197
All Invasive Cancer Sites Combined,2012,Indiana,33726
All Invasive Cancer Sites Combined,2012,Iowa,17367
All Invasive Cancer Sites Combined,2012,Kansas,14954
All Invasive Cancer Sites Combined,2012,Kentucky,26441
All Invasive Cancer Sites Combined,2012,Louisiana,24509
All Invasive Cancer Sites Combined,2012,Maine,8592
All Invasive Cancer Sites Combined,2012,Maryland,29216
All Invasive Cancer Sites Combined,2012,Massachusetts,36364
All Invasive Cancer Sites Combined,2012,Michigan,55212
All Invasive Cancer Sites Combined,2012,Minnesota,28166
All Invasive Cancer Sites Combined,2012,Mississippi,15614
All Invasive Cancer Sites Combined,2012,Missouri,32459
All Invasive Cancer Sites Combined,2012,Montana,5640
All Invasive Cancer Sites Combined,2012,Nebraska,9316
All Invasive Cancer Sites Combined,2012,Nevada,12188
All Invasive Cancer Sites Combined,2012,New Hampshire,7911
All Invasive Cancer Sites Combined,2012,New Jersey,50187
All Invasive Cancer Sites Combined,2012,New Mexico,8986
All Invasive Cancer Sites Combined,2012,New York,108664
All Invasive Cancer Sites Combined,2012,North Carolina,51388
All Invasive Cancer Sites Combined,2012,North Dakota,3788
All Invasive Cancer Sites Combined,2012,Ohio,62728
All Invasive Cancer Sites Combined,2012,Oklahoma,19315
All Invasive Cancer Sites Combined,2012,Oregon,20449
All Invasive Cancer Sites Combined,2012,Pennsylvania,77963
All Invasive Cancer Sites Combined,2012,Rhode Island,6385
All Invasive Cancer Sites Combined,2012,South Carolina,25908
All Invasive Cancer Sites Combined,2012,South Dakota,4401
All Invasive Cancer Sites Combined,2012,Tennessee,34961
All Invasive Cancer Sites Combined,2012,Texas,104436
All Invasive Cancer Sites Combined,2012,Utah,9809
All Invasive Cancer Sites Combined,2012,Vermont,3662
All Invasive Cancer Sites Combined,2012,Virginia,37540
All Invasive Cancer Sites Combined,2012,Washington,35313
All Invasive Cancer Sites Combined,2012,West Virginia,11640
All Invasive Cancer Sites Combined,2012,Wisconsin,31434
All Invasive Cancer Sites Combined,2012,Wyoming,2542
All Invasive Cancer Sites Combined,2013,Alabama,25686
All Invasive Cancer Sites Combined,2013,Alaska,2812
All Invasive Cancer Sites Combined,2013,Arizona,30339
All Invasive Cancer Sites Combined,2013,Arkansas,15513
All Invasive Cancer Sites Combined,2013,California,164919
All Invasive Cancer Sites Combined,2013,Colorado,22514
All Invasive Cancer Sites Combined,2013,Connecticut,20929
All Invasive Cancer Sites Combined,2013,Delaware,5840
All Invasive Cancer Sites Combined,2013,District of Columbia,2836
All Invasive Cancer Sites Combined,2013,Florida,128446
All Invasive Cancer Sites Combined,2013,Georgia,47332
All Invasive Cancer Sites Combined,2013,Hawaii,7149
All Invasive Cancer Sites Combined,2013,Idaho,7580
All Invasive Cancer Sites Combined,2013,Illinois,66858
All Invasive Cancer Sites Combined,2013,Indiana,34257
All Invasive Cancer Sites Combined,2013,Iowa,17411
All Invasive Cancer Sites Combined,2013,Kansas,14769
All Invasive Cancer Sites Combined,2013,Kentucky,26636
All Invasive Cancer Sites Combined,2013,Louisiana,24586
All Invasive Cancer Sites Combined,2013,Maine,8536
All Invasive Cancer Sites Combined,2013,Maryland,30647
All Invasive Cancer Sites Combined,2013,Massachusetts,36439
All Invasive Cancer Sites Combined,2013,Michigan,54509
All Invasive Cancer Sites Combined,2013,Minnesota,28249
All Invasive Cancer Sites Combined,2013,Mississippi,15853
All Invasive Cancer Sites Combined,2013,Missouri,32012
All Invasive Cancer Sites Combined,2013,Montana,5780
All Invasive Cancer Sites Combined,2013,Nebraska,9567
All Invasive Cancer Sites Combined,2013,Nevada,12558
All Invasive Cancer Sites Combined,2013,New Hampshire,8223
All Invasive Cancer Sites Combined,2013,New Jersey,51269
All Invasive Cancer Sites Combined,2013,New Mexico,9159
All Invasive Cancer Sites Combined,2013,New York,112415
All Invasive Cancer Sites Combined,2013,North Carolina,53328
All Invasive Cancer Sites Combined,2013,North Dakota,3663
All Invasive Cancer Sites Combined,2013,Ohio,64532
All Invasive Cancer Sites Combined,2013,Oklahoma,19566
All Invasive Cancer Sites Combined,2013,Oregon,21356
All Invasive Cancer Sites Combined,2013,Pennsylvania,79519
All Invasive Cancer Sites Combined,2013,Rhode Island,6383
All Invasive Cancer Sites Combined,2013,South Carolina,26165
All Invasive Cancer Sites Combined,2013,South Dakota,4624
All Invasive Cancer Sites Combined,2013,Tennessee,35294
All Invasive Cancer Sites Combined,2013,Texas,106513
All Invasive Cancer Sites Combined,2013,Utah,9845
All Invasive Cancer Sites Combined,2013,Vermont,3640
All Invasive Cancer Sites Combined,2013,Virginia,39129
All Invasive Cancer Sites Combined,2013,Washington,35525
All Invasive Cancer Sites Combined,2013,West Virginia,11811
All Invasive Cancer Sites Combined,2013,Wisconsin,31970
All Invasive Cancer Sites Combined,2013,Wyoming,2554
All Invasive Cancer Sites Combined,2014,Alabama,25704
All Invasive Cancer Sites Combined,2014,Alaska,2868
All Invasive Cancer Sites Combined,2014,Arizona,31675
All Invasive Cancer Sites Combined,2014,Arkansas,15847
All Invasive Cancer Sites Combined,2014,California,167869
All Invasive Cancer Sites Combined,2014,Colorado,22938
All Invasive Cancer Sites Combined,2014,Connecticut,20833
All Invasive Cancer Sites Combined,2014,Delaware,5790
All Invasive Cancer Sites Combined,2014,District of Columbia,2929
All Invasive Cancer Sites Combined,2014,Florida,130327
All Invasive Cancer Sites Combined,2014,Georgia,49251
All Invasive Cancer Sites Combined,2014,Hawaii,7061
All Invasive Cancer Sites Combined,2014,Idaho,8023
All Invasive Cancer Sites Combined,2014,Illinois,68468
All Invasive Cancer Sites Combined,2014,Indiana,35036
All Invasive Cancer Sites Combined,2014,Iowa,18190
All Invasive Cancer Sites Combined,2014,Kansas,14871
All Invasive Cancer Sites Combined,2014,Kentucky,27273
All Invasive Cancer Sites Combined,2014,Louisiana,25158
All Invasive Cancer Sites Combined,2014,Maine,8896
All Invasive Cancer Sites Combined,2014,Maryland,30683
All Invasive Cancer Sites Combined,2014,Massachusetts,37180
All Invasive Cancer Sites Combined,2014,Michigan,54749
All Invasive Cancer Sites Combined,2014,Minnesota,28869
All Invasive Cancer Sites Combined,2014,Mississippi,16184
All Invasive Cancer Sites Combined,2014,Missouri,32820
All Invasive Cancer Sites Combined,2014,Montana,5848
All Invasive Cancer Sites Combined,2014,Nebraska,9665
All Invasive Cancer Sites Combined,2014,Nevada,12624
All Invasive Cancer Sites Combined,2014,New Hampshire,8146
All Invasive Cancer Sites Combined,2014,New Jersey,51167
All Invasive Cancer Sites Combined,2014,New Mexico,9382
All Invasive Cancer Sites Combined,2014,New York,112313
All Invasive Cancer Sites Combined,2014,North Carolina,54750
All Invasive Cancer Sites Combined,2014,North Dakota,3722
All Invasive Cancer Sites Combined,2014,Ohio,65773
All Invasive Cancer Sites Combined,2014,Oklahoma,20079
All Invasive Cancer Sites Combined,2014,Oregon,21693
All Invasive Cancer Sites Combined,2014,Pennsylvania,79206
All Invasive Cancer Sites Combined,2014,Rhode Island,6436
All Invasive Cancer Sites Combined,2014,South Carolina,26761
All Invasive Cancer Sites Combined,2014,South Dakota,4664
All Invasive Cancer Sites Combined,2014,Tennessee,35416
All Invasive Cancer Sites Combined,2014,Texas,109560
All Invasive Cancer Sites Combined,2014,Utah,10233
All Invasive Cancer Sites Combined,2014,Vermont,3818
All Invasive Cancer Sites Combined,2014,Virginia,39832
All Invasive Cancer Sites Combined,2014,Washington,36125
All Invasive Cancer Sites Combined,2014,West Virginia,11742
All Invasive Cancer Sites Combined,2014,Wisconsin,32763
All Invasive Cancer Sites Combined,2014,Wyoming,2667
All Invasive Cancer Sites Combined,2015,Alabama,26800
All Invasive Cancer Sites Combined,2015,Alaska,2967
All Invasive Cancer Sites Combined,2015,Arizona,32362
All Invasive Cancer Sites Combined,2015,Arkansas,16512
All Invasive Cancer Sites Combined,2015,California,171767
All Invasive Cancer Sites Combined,2015,Colorado,23302
All Invasive Cancer Sites Combined,2015,Connecticut,21250
All Invasive Cancer Sites Combined,2015,Delaware,5999
All Invasive Cancer Sites Combined,2015,District of Columbia,2747
All Invasive Cancer Sites Combined,2015,Florida,134212
All Invasive Cancer Sites Combined,2015,Georgia,51035
All Invasive Cancer Sites Combined,2015,Hawaii,7273
All Invasive Cancer Sites Combined,2015,Idaho,8396
All Invasive Cancer Sites Combined,2015,Illinois,70011
All Invasive Cancer Sites Combined,2015,Indiana,36117
All Invasive Cancer Sites Combined,2015,Iowa,18485
All Invasive Cancer Sites Combined,2015,Kansas,15537
All Invasive Cancer Sites Combined,2015,Kentucky,27803
All Invasive Cancer Sites Combined,2015,Louisiana,25638
All Invasive Cancer Sites Combined,2015,Maine,8895
All Invasive Cancer Sites Combined,2015,Maryland,31654
All Invasive Cancer Sites Combined,2015,Massachusetts,38160
All Invasive Cancer Sites Combined,2015,Michigan,57027
All Invasive Cancer Sites Combined,2015,Minnesota,30761
All Invasive Cancer Sites Combined,2015,Mississippi,16369
All Invasive Cancer Sites Combined,2015,Missouri,33287
All Invasive Cancer Sites Combined,2015,Montana,6260
All Invasive Cancer Sites Combined,2015,Nebraska,10040
All Invasive Cancer Sites Combined,2015,Nevada,12558
All Invasive Cancer Sites Combined,2015,New Hampshire,8295
All Invasive Cancer Sites Combined,2015,New Jersey,52649
All Invasive Cancer Sites Combined,2015,New Mexico,9615
All Invasive Cancer Sites Combined,2015,New York,113929
All Invasive Cancer Sites Combined,2015,North Carolina,56781
All Invasive Cancer Sites Combined,2015,North Dakota,3846
All Invasive Cancer Sites Combined,2015,Ohio,68046
All Invasive Cancer Sites Combined,2015,Oklahoma,20647
All Invasive Cancer Sites Combined,2015,Oregon,22170
All Invasive Cancer Sites Combined,2015,Pennsylvania,80825
All Invasive Cancer Sites Combined,2015,Rhode Island,6367
All Invasive Cancer Sites Combined,2015,South Carolina,28297
All Invasive Cancer Sites Combined,2015,South Dakota,4566
All Invasive Cancer Sites Combined,2015,Tennessee,37359
All Invasive Cancer Sites Combined,2015,Texas,112522
All Invasive Cancer Sites Combined,2015,Utah,10645
All Invasive Cancer Sites Combined,2015,Vermont,3736
All Invasive Cancer Sites Combined,2015,Virginia,39909
All Invasive Cancer Sites Combined,2015,Washington,36280
All Invasive Cancer Sites Combined,2015,West Virginia,12046
All Invasive Cancer Sites Combined,2015,Wisconsin,33300
All Invasive Cancer Sites Combined,2015,Wyoming,2665
All Invasive Cancer Sites Combined,2016,Alabama,27564
All Invasive Cancer Sites Combined,2016,Alaska,3016
All Invasive Cancer Sites Combined,2016,Arizona,33007
All Invasive Cancer Sites Combined,2016,Arkansas,16625
All Invasive Cancer Sites Combined,2016,California,172851
All Invasive Cancer Sites Combined,2016,Colorado,23898
All Invasive Cancer Sites Combined,2016,Connecticut,21618
All Invasive Cancer Sites Combined,2016,Delaware,6125
All Invasive Cancer Sites Combined,2016,District of Columbia,2758
All Invasive Cancer Sites Combined,2016,Florida,136040
All Invasive Cancer Sites Combined,2016,Georgia,53030
All Invasive Cancer Sites Combined,2016,Hawaii,7506
All Invasive Cancer Sites Combined,2016,Idaho,8682
All Invasive Cancer Sites Combined,2016,Illinois,70649
All Invasive Cancer Sites Combined,2016,Indiana,36842
All Invasive Cancer Sites Combined,2016,Iowa,18878
All Invasive Cancer Sites Combined,2016,Kansas,15415
All Invasive Cancer Sites Combined,2016,Kentucky,27928
All Invasive Cancer Sites Combined,2016,Louisiana,25917
All Invasive Cancer Sites Combined,2016,Maine,9075
All Invasive Cancer Sites Combined,2016,Maryland,32007
All Invasive Cancer Sites Combined,2016,Massachusetts,39229
All Invasive Cancer Sites Combined,2016,Michigan,58660
All Invasive Cancer Sites Combined,2016,Minnesota,30519
All Invasive Cancer Sites Combined,2016,Mississippi,16852
All Invasive Cancer Sites Combined,2016,Missouri,33528
All Invasive Cancer Sites Combined,2016,Montana,6438
All Invasive Cancer Sites Combined,2016,Nebraska,10343
All Invasive Cancer Sites Combined,2016,Nevada,13637
All Invasive Cancer Sites Combined,2016,New Hampshire,8696
All Invasive Cancer Sites Combined,2016,New Jersey,53076
All Invasive Cancer Sites Combined,2016,New Mexico,9732
All Invasive Cancer Sites Combined,2016,New York,115139
All Invasive Cancer Sites Combined,2016,North Carolina,57523
All Invasive Cancer Sites Combined,2016,North Dakota,3877
All Invasive Cancer Sites Combined,2016,Ohio,68030
All Invasive Cancer Sites Combined,2016,Oklahoma,20554
All Invasive Cancer Sites Combined,2016,Oregon,22131
All Invasive Cancer Sites Combined,2016,Pennsylvania,81308
All Invasive Cancer Sites Combined,2016,Rhode Island,6369
All Invasive Cancer Sites Combined,2016,South Carolina,28265
All Invasive Cancer Sites Combined,2016,South Dakota,4821
All Invasive Cancer Sites Combined,2016,Tennessee,37881
All Invasive Cancer Sites Combined,2016,Texas,115448
All Invasive Cancer Sites Combined,2016,Utah,10744
All Invasive Cancer Sites Combined,2016,Vermont,3841
All Invasive Cancer Sites Combined,2016,Virginia,41233
All Invasive Cancer Sites Combined,2016,Washington,38150
All Invasive Cancer Sites Combined,2016,West Virginia,12056
All Invasive Cancer Sites Combined,2016,Wisconsin,34048
All Invasive Cancer Sites Combined,2016,Wyoming,2799
All Invasive Cancer Sites Combined,2017,Alabama,27440
All Invasive Cancer Sites Combined,2017,Alaska,3066
All Invasive Cancer Sites Combined,2017,Arizona,34067
All Invasive Cancer Sites Combined,2017,Arkansas,16945
All Invasive Cancer Sites Combined,2017,California,175825
All Invasive Cancer Sites Combined,2017,Colorado,24693
All Invasive Cancer Sites Combined,2017,Connecticut,21795
All Invasive Cancer Sites Combined,2017,Delaware,5828
All Invasive Cancer Sites Combined,2017,District of Columbia,2971
All Invasive Cancer Sites Combined,2017,Florida,135683
All Invasive Cancer Sites Combined,2017,Georgia,53805
All Invasive Cancer Sites Combined,2017,Hawaii,7678
All Invasive Cancer Sites Combined,2017,Idaho,9027
All Invasive Cancer Sites Combined,2017,Illinois,71310
All Invasive Cancer Sites Combined,2017,Indiana,37686
All Invasive Cancer Sites Combined,2017,Iowa,19249
All Invasive Cancer Sites Combined,2017,Kansas,15898
All Invasive Cancer Sites Combined,2017,Kentucky,28402
All Invasive Cancer Sites Combined,2017,Louisiana,26502
All Invasive Cancer Sites Combined,2017,Maine,9244
All Invasive Cancer Sites Combined,2017,Maryland,33071
All Invasive Cancer Sites Combined,2017,Massachusetts,39461
All Invasive Cancer Sites Combined,2017,Michigan,57968
All Invasive Cancer Sites Combined,2017,Minnesota,32411
All Invasive Cancer Sites Combined,2017,Mississippi,17112
All Invasive Cancer Sites Combined,2017,Missouri,35065
All Invasive Cancer Sites Combined,2017,Montana,6665
All Invasive Cancer Sites Combined,2017,Nebraska,10617
All Invasive Cancer Sites Combined,2017,Nevada,14662
All Invasive Cancer Sites Combined,2017,New Hampshire,8786
All Invasive Cancer Sites Combined,2017,New Jersey,54202
All Invasive Cancer Sites Combined,2017,New Mexico,9767
All Invasive Cancer Sites Combined,2017,New York,117388
All Invasive Cancer Sites Combined,2017,North Carolina,59270
All Invasive Cancer Sites Combined,2017,North Dakota,3990
All Invasive Cancer Sites Combined,2017,Ohio,69571
All Invasive Cancer Sites Combined,2017,Oklahoma,20398
All Invasive Cancer Sites Combined,2017,Oregon,23008
All Invasive Cancer Sites Combined,2017,Pennsylvania,81149
All Invasive Cancer Sites Combined,2017,Rhode Island,6454
All Invasive Cancer Sites Combined,2017,South Carolina,28479
All Invasive Cancer Sites Combined,2017,South Dakota,4867
All Invasive Cancer Sites Combined,2017,Tennessee,39364
All Invasive Cancer Sites Combined,2017,Texas,119805
All Invasive Cancer Sites Combined,2017,Utah,11188
All Invasive Cancer Sites Combined,2017,Vermont,4049
All Invasive Cancer Sites Combined,2017,Virginia,41567
All Invasive Cancer Sites Combined,2017,Washington,38564
All Invasive Cancer Sites Combined,2017,West Virginia,12526
All Invasive Cancer Sites Combined,2017,Wisconsin,34345
All Invasive Cancer Sites Combined,2017,Wyoming,2881
All Invasive Cancer Sites Combined,2018,Alabama,27507
All Invasive Cancer Sites Combined,2018,Alaska,3151
All Invasive Cancer Sites Combined,2018,Arizona,35490
All Invasive Cancer Sites Combined,2018,Arkansas,17643
All Invasive Cancer Sites Combined,2018,California,176520
All Invasive Cancer Sites Combined,2018,Colorado,25233
All Invasive Cancer Sites Combined,2018,Connecticut,21616
All Invasive Cancer Sites Combined,2018,Delaware,6142
All Invasive Cancer Sites Combined,2018,District of Columbia,2926
All Invasive Cancer Sites Combined,2018,Florida,141957
All Invasive Cancer Sites Combined,2018,Georgia,55236
All Invasive Cancer Sites Combined,2018,Hawaii,7666
All Invasive Cancer Sites Combined,2018,Idaho,9122
All Invasive Cancer Sites Combined,2018,Illinois,71620
All Invasive Cancer Sites Combined,2018,Indiana,37139
All Invasive Cancer Sites Combined,2018,Iowa,19541
All Invasive Cancer Sites Combined,2018,Kansas,15996
All Invasive Cancer Sites Combined,2018,Kentucky,28718
All Invasive Cancer Sites Combined,2018,Louisiana,27499
All Invasive Cancer Sites Combined,2018,Maine,9339
All Invasive Cancer Sites Combined,2018,Maryland,33459
All Invasive Cancer Sites Combined,2018,Massachusetts,38488
All Invasive Cancer Sites Combined,2018,Michigan,58213
All Invasive Cancer Sites Combined,2018,Minnesota,32983
All Invasive Cancer Sites Combined,2018,Mississippi,17462
All Invasive Cancer Sites Combined,2018,Missouri,34874
All Invasive Cancer Sites Combined,2018,Montana,6659
All Invasive Cancer Sites Combined,2018,Nebraska,10936
All Invasive Cancer Sites Combined,2018,Nevada,13767
All Invasive Cancer Sites Combined,2018,New Hampshire,8960
All Invasive Cancer Sites Combined,2018,New Jersey,54784
All Invasive Cancer Sites Combined,2018,New Mexico,9815
All Invasive Cancer Sites Combined,2018,New York,116785
All Invasive Cancer Sites Combined,2018,North Carolina,60332
All Invasive Cancer Sites Combined,2018,North Dakota,3958
All Invasive Cancer Sites Combined,2018,Ohio,71101
All Invasive Cancer Sites Combined,2018,Oklahoma,21053
All Invasive Cancer Sites Combined,2018,Oregon,22685
All Invasive Cancer Sites Combined,2018,Pennsylvania,81095
All Invasive Cancer Sites Combined,2018,Rhode Island,6612
All Invasive Cancer Sites Combined,2018,South Carolina,28699
All Invasive Cancer Sites Combined,2018,South Dakota,4970
All Invasive Cancer Sites Combined,2018,Tennessee,39068
All Invasive Cancer Sites Combined,2018,Texas,126647
All Invasive Cancer Sites Combined,2018,Utah,11782
All Invasive Cancer Sites Combined,2018,Vermont,4056
All Invasive Cancer Sites Combined,2018,Virginia,42320
All Invasive Cancer Sites Combined,2018,Washington,39204
All Invasive Cancer Sites Combined,2018,West Virginia,12581
All Invasive Cancer Sites Combined,2018,Wisconsin,34706
All Invasive Cancer Sites Combined,2018,Wyoming,2860
All Invasive Cancer Sites Combined,2019,Alabama,28038
All Invasive Cancer Sites Combined,2019,Alaska,3409
All Invasive Cancer Sites Combined,2019,Arizona,36268
All Invasive Cancer Sites Combined,2019,Arkansas,18266
All Invasive Cancer Sites Combined,2019,California,182909
All Invasive Cancer Sites Combined,2019,Colorado,26346
All Invasive Cancer Sites Combined,2019,Connecticut,21915
All Invasive Cancer Sites Combined,2019,Delaware,6505
All Invasive Cancer Sites Combined,2019,District of Columbia,2920
All Invasive Cancer Sites Combined,2019,Florida,142632
All Invasive Cancer Sites Combined,2019,Georgia,57147
All Invasive Cancer Sites Combined,2019,Hawaii,7871
All Invasive Cancer Sites Combined,2019,Idaho,9730
All Invasive Cancer Sites Combined,2019,Illinois,72819
All Invasive Cancer Sites Combined,2019,Indiana,36570
All Invasive Cancer Sites Combined,2019,Iowa,20279
All Invasive Cancer Sites Combined,2019,Kansas,16392
All Invasive Cancer Sites Combined,2019,Kentucky,29553
All Invasive Cancer Sites Combined,2019,Louisiana,28084
All Invasive Cancer Sites Combined,2019,Maine,9798
All Invasive Cancer Sites Combined,2019,Maryland,35517
All Invasive Cancer Sites Combined,2019,Massachusetts,40849
All Invasive Cancer Sites Combined,2019,Michigan,59067
All Invasive Cancer Sites Combined,2019,Minnesota,33805
All Invasive Cancer Sites Combined,2019,Mississippi,17550
All Invasive Cancer Sites Combined,2019,Missouri,35387
All Invasive Cancer Sites Combined,2019,Montana,6642
All Invasive Cancer Sites Combined,2019,Nebraska,10847
All Invasive Cancer Sites Combined,2019,Nevada,13322
All Invasive Cancer Sites Combined,2019,New Hampshire,9350
All Invasive Cancer Sites Combined,2019,New Jersey,55732
All Invasive Cancer Sites Combined,2019,New Mexico,10291
All Invasive Cancer Sites Combined,2019,New York,120993
All Invasive Cancer Sites Combined,2019,North Carolina,62808
All Invasive Cancer Sites Combined,2019,North Dakota,4051
All Invasive Cancer Sites Combined,2019,Ohio,72424
All Invasive Cancer Sites Combined,2019,Oklahoma,21568
All Invasive Cancer Sites Combined,2019,Oregon,24015
All Invasive Cancer Sites Combined,2019,Pennsylvania,83106
All Invasive Cancer Sites Combined,2019,Rhode Island,6799
All Invasive Cancer Sites Combined,2019,South Carolina,29086
All Invasive Cancer Sites Combined,2019,South Dakota,5169
All Invasive Cancer Sites Combined,2019,Tennessee,39598
All Invasive Cancer Sites Combined,2019,Texas,129563
All Invasive Cancer Sites Combined,2019,Utah,12052
All Invasive Cancer Sites Combined,2019,Vermont,4113
All Invasive Cancer Sites Combined,2019,Virginia,44710
All Invasive Cancer Sites Combined,2019,Washington,40492
All Invasive Cancer Sites Combined,2019,West Virginia,12441
All Invasive Cancer Sites Combined,2019,Wisconsin,36286
All Invasive Cancer Sites Combined,2019,Wyoming,3057
All Invasive Cancer Sites Combined,2020,Alabama,25726
All Invasive Cancer Sites Combined,2020,Alaska,3159
All Invasive Cancer Sites Combined,2020,Arizona,33963
All Invasive Cancer Sites Combined,2020,Arkansas,15834
All Invasive Cancer Sites Combined,2020,California,166391
All Invasive Cancer Sites Combined,2020,Colorado,24729
All Invasive Cancer Sites Combined,2020,Connecticut,19926
All Invasive Cancer Sites Combined,2020,Delaware,6084
All Invasive Cancer Sites Combined,2020,District of Columbia,2617
All Invasive Cancer Sites Combined,2020,Florida,136435
All Invasive Cancer Sites Combined,2020,Georgia,54190
All Invasive Cancer Sites Combined,2020,Hawaii,7355
All Invasive Cancer Sites Combined,2020,Idaho,9482
All Invasive Cancer Sites Combined,2020,Illinois,66540
All Invasive Cancer Sites Combined,2020,Iowa,18678
All Invasive Cancer Sites Combined,2020,Kansas,15190
All Invasive Cancer Sites Combined,2020,Kentucky,27277
All Invasive Cancer Sites Combined,2020,Louisiana,25017
All Invasive Cancer Sites Combined,2020,Maine,9348
All Invasive Cancer Sites Combined,2020,Maryland,31158
All Invasive Cancer Sites Combined,2020,Massachusetts,36770
All Invasive Cancer Sites Combined,2020,Michigan,54136
All Invasive Cancer Sites Combined,2020,Minnesota,31321
All Invasive Cancer Sites Combined,2020,Mississippi,15442
All Invasive Cancer Sites Combined,2020,Missouri,33958
All Invasive Cancer Sites Combined,2020,Montana,6157
All Invasive Cancer Sites Combined,2020,Nebraska,9540
All Invasive Cancer Sites Combined,2020,Nevada,14459
All Invasive Cancer Sites Combined,2020,New Hampshire,8442
All Invasive Cancer Sites Combined,2020,New Jersey,50962
All Invasive Cancer Sites Combined,2020,New Mexico,9313
All Invasive Cancer Sites Combined,2020,New York,107084
All Invasive Cancer Sites Combined,2020,North Carolina,58229
All Invasive Cancer Sites Combined,2020,North Dakota,3922
All Invasive Cancer Sites Combined,2020,Ohio,67123
All Invasive Cancer Sites Combined,2020,Oklahoma,20075
All Invasive Cancer Sites Combined,2020,Oregon,21315
All Invasive Cancer Sites Combined,2020,Pennsylvania,74738
All Invasive Cancer Sites Combined,2020,Rhode Island,5840
All Invasive Cancer Sites Combined,2020,South Carolina,27956
All Invasive Cancer Sites Combined,2020,South Dakota,4799
All Invasive Cancer Sites Combined,2020,Tennessee,37248
All Invasive Cancer Sites Combined,2020,Texas,121270
All Invasive Cancer Sites Combined,2020,Utah,11711
All Invasive Cancer Sites Combined,2020,Vermont,3842
All Invasive Cancer Sites Combined,2020,Virginia,41045
All Invasive Cancer Sites Combined,2020,Washington,37527
All Invasive Cancer Sites Combined,2020,West Virginia,11589
All Invasive Cancer Sites Combined,2020,Wisconsin,33469
All Invasive Cancer Sites Combined,2020,Wyoming,2863
All Invasive Cancer Sites Combined,2021,Alabama,27395
All Invasive Cancer Sites Combined,2021,Alaska,3267
All Invasive Cancer Sites Combined,2021,Arizona,34437
All Invasive Cancer Sites Combined,2021,Arkansas,16379
All Invasive Cancer Sites Combined,2021,California,180858
All Invasive Cancer Sites Combined,2021,Colorado,25385
All Invasive Cancer Sites Combined,2021,Connecticut,23548
All Invasive Cancer Sites Combined,2021,Delaware,6295
All Invasive Cancer Sites Combined,2021,District of Columbia,2917
All Invasive Cancer Sites Combined,2021,Florida,147442
All Invasive Cancer Sites Combined,2021,Georgia,58576
All Invasive Cancer Sites Combined,2021,Hawaii,8015
All Invasive Cancer Sites Combined,2021,Idaho,9971
All Invasive Cancer Sites Combined,2021,Illinois,72620
All Invasive Cancer Sites Combined,2021,Iowa,20367
All Invasive Cancer Sites Combined,2021,Kansas,15835
All Invasive Cancer Sites Combined,2021,Kentucky,28974
All Invasive Cancer Sites Combined,2021,Louisiana,27170
All Invasive Cancer Sites Combined,2021,Maine,9952
All Invasive Cancer Sites Combined,2021,Maryland,33665
All Invasive Cancer Sites Combined,2021,Massachusetts,35253
All Invasive Cancer Sites Combined,2021,Michigan,55710
All Invasive Cancer Sites Combined,2021,Minnesota,34257
All Invasive Cancer Sites Combined,2021,Mississippi,17177
All Invasive Cancer Sites Combined,2021,Missouri,35092
All Invasive Cancer Sites Combined,2021,Montana,6655
All Invasive Cancer Sites Combined,2021,Nebraska,10300
All Invasive Cancer Sites Combined,2021,Nevada,14445
All Invasive Cancer Sites Combined,2021,New Hampshire,8886
All Invasive Cancer Sites Combined,2021,New Jersey,56819
All Invasive Cancer Sites Combined,2021,New Mexico,9899
All Invasive Cancer Sites Combined,2021,New York,119678
All Invasive Cancer Sites Combined,2021,North Carolina,62489
All Invasive Cancer Sites Combined,2021,North Dakota,4195
All Invasive Cancer Sites Combined,2021,Ohio,71924
All Invasive Cancer Sites Combined,2021,Oklahoma,21407
All Invasive Cancer Sites Combined,2021,Oregon,21589
All Invasive Cancer Sites Combined,2021,Pennsylvania,77139
All Invasive Cancer Sites Combined,2021,Rhode Island,6337
All Invasive Cancer Sites Combined,2021,South Carolina,28910
All Invasive Cancer Sites Combined,2021,South Dakota,5045
All Invasive Cancer Sites Combined,2021,Tennessee,38668
All Invasive Cancer Sites Combined,2021,Texas,129511
All Invasive Cancer Sites Combined,2021,Utah,13327
All Invasive Cancer Sites Combined,2021,Vermont,4061
All Invasive Cancer Sites Combined,2021,Virginia,42412
All Invasive Cancer Sites Combined,2021,Washington,41272
All Invasive Cancer Sites Combined,2021,West Virginia,12647
All Invasive Cancer Sites Combined,2021,Wisconsin,36420
All Invasive Cancer Sites Combined,2021,Wyoming,2974
